"^apostle$",apostle,malpedia
"^badhatch$",badhatch,malpedia
"^bloodystealer$",bloodystealer,malpedia
"^darkirc$",darkirc,malpedia
"^deep[ _-]?rat$",deep_rat,malpedia
"^doppeldridex$",doppeldridex,malpedia
"^doubleback$",doubleback,malpedia
"^(epsilon[ _-]?red|blackcocaine)$",epsilon_red,malpedia
"^hades$",hades,malpedia
"^janeleiro$",janeleiro,malpedia
"^lorenz$",lorenz,malpedia
"^mail[ _-]?o$",mail_o,malpedia
"^matanbuchus$",matanbuchus,malpedia
"^meteor$",meteor,malpedia
"^microbackdoor$",microbackdoor,malpedia
"^modirat$",modirat,malpedia
"^moriya$",moriya,malpedia
"^netfilter$",netfilter,malpedia
"^nmass$",nmass,malpedia
"^noxplayer$",noxplayer,malpedia
"^peppy[ _-]?rat$",peppy_rat,malpedia
"^povlsomware$",povlsomware,malpedia
"^puzzlemaker$",puzzlemaker,malpedia
"^razy$",razy,malpedia
"^(tinyshell\.win|tshd\.win|rekoobew)$",rekoobew,malpedia
"^reverse[ _-]?rat$",reverse_rat,malpedia
"^saint[ _-]?bot$",saint_bot,malpedia
"^sidetwist$",sidetwist,malpedia
"^steamhide$",steamhide,malpedia
"^toxiceye$",toxiceye,malpedia
"^wecontrol$",wecontrol,malpedia
"^xcaon$",xcaon,malpedia
"^7ev3n$",7ev3n,malpedia
"^(8t[ _-]?dropper|royalroad)$",8t_dropper,malpedia
"^(homeunix|mcrat|9002|hydraq)$",9002,malpedia
"^abbath[ _-]?banker$",abbath_banker,malpedia
"^acbackdoor$",acbackdoor,malpedia
"^adam[ _-]?locker$",adam_locker,malpedia
"^advisorsbot$",advisorsbot,malpedia
"^allakore$",allakore,malpedia
"^(starman|allaple)$",allaple,malpedia
"^alma[ _-]?locker$",alma_locker,malpedia
"^alpc[ _-]?lpe$",alpc_lpe,malpedia
"^alphabet[ _-]?ransomware$",alphabet_ransomware,malpedia
"^alphalocker$",alphalocker,malpedia
"^alreay$",alreay,malpedia
"^(tdl|pihar|olmarik)$",alureon,malpedia
"^amadey$",amadey,malpedia
"^(amtsol|adupihan)$",amtsol,malpedia
"^(gelup|andromut)$",andromut,malpedia
"^(antilam|latinus)$",antilam,malpedia
"^apocalipto$",apocalipto,malpedia
"^apocalypse[ _-]?ransom$",apocalypse_ransom,malpedia
"^artfulpie$",artfulpie,malpedia
"^ascentloader$",ascentloader,malpedia
"^aspc$",aspc,malpedia
"^asruex$",asruex,malpedia
"^asyncrat$",asyncrat,malpedia
"^athenago$",athenago,malpedia
"^atmii$",atmii,malpedia
"^(auriga|riodrv)$",auriga,malpedia
"^avcrypt$",avcrypt,malpedia
"^babymetal$",babymetal,malpedia
"^babyshark$",babyshark,malpedia
"^backbend$",backbend,malpedia
"^backswap$",backswap,malpedia
"^badencript$",badencript,malpedia
"^balkan[ _-]?door$",balkan_door,malpedia
"^balkan[ _-]?rat$",balkan_rat,malpedia
"^bangat$",bangat,malpedia
"^batel$",batel,malpedia
"^beapy$",beapy,malpedia
"^beendoor$",beendoor,malpedia
"^berbomthum$",berbomthum,malpedia
"^bernhardpos$",bernhardpos,malpedia
"^bid[ _-]?ransomware$",bid_ransomware,malpedia
"^binanen$",binanen,malpedia
"^(biscuit|zxdosml)$",biscuit,malpedia
"^bistromath$",bistromath,malpedia
"^bitter[ _-]?rat$",bitter_rat,malpedia
"^(bwin3[ _-]?bka|bka[ _-]?trojaner)$",bka_trojaner,malpedia
"^blackenergy$",blackenergy,malpedia
"^(blackrat|blackremote)$",blackremote,malpedia
"^blackrevolution$",blackrevolution,malpedia
"^(bluether|capgeld)$",bluether,malpedia
"^(bootwreck|mbrkiller)$",bootwreck,malpedia
"^borr$",borr,malpedia
"^bozok$",bozok,malpedia
"^brain$",brain,malpedia
"^breach[ _-]?rat$",breach_rat,malpedia
"^breakthrough[ _-]?loader$",breakthrough_loader,malpedia
"^brutpos$",brutpos,malpedia
"^(buerloader|rustybuer|buer)$",buer,malpedia
"^buffetline$",buffetline,malpedia
"^(buhtrap|ratopak)$",buhtrap,malpedia
"^bunitu$",bunitu,malpedia
"^c0d0so0$",c0d0so0,malpedia
"^cabart$",cabart,malpedia
"^camubot$",camubot,malpedia
"^cannibal[ _-]?rat$",cannibal_rat,malpedia
"^casper$",casper,malpedia
"^catchamas$",catchamas,malpedia
"^cerbu[ _-]?miner$",cerbu_miner,malpedia
"^chainshot$",chainshot,malpedia
"^(taj mahal|chaperone)$",chaperone,malpedia
"^chch$",chch,malpedia
"^(cherry[ _-]?picker|cherrypickerpos)$",cherry_picker,malpedia
"^chinoxy$",chinoxy,malpedia
"^(chthonic|androkins)$",chthonic,malpedia
"^cinobi$",cinobi,malpedia
"^client[ _-]?maximus$",client_maximus,malpedia
"^(cmstar|meciv)$",cmstar,malpedia
"^coalabot$",coalabot,malpedia
"^cockblocker$",cockblocker,malpedia
"^cohhoc$",cohhoc,malpedia
"^combojack$",combojack,malpedia
"^comodosec$",comodosec,malpedia
"^concealment[ _-]?troy$",concealment_troy,malpedia
"^(traffic converter|kido)$",conficker,malpedia
"^(contopee|whiteout)$",contopee,malpedia
"^crackshot$",crackshot,malpedia
"^cradlecore$",cradlecore,malpedia
"^creamsicle$",creamsicle,malpedia
"^crenufs$",crenufs,malpedia
"^(seedoor|scarimson|crimson)$",crimson,malpedia
"^(crosswalk|tommygun|proxip|motnug)$",crosswalk,malpedia
"^(cryakl|crylock)$",cryakl,malpedia
"^crylocker$",crylocker,malpedia
"^crypmic$",crypmic,malpedia
"^cryptolocker$",cryptolocker,malpedia
"^cryptoluck$",cryptoluck,malpedia
"^cryptopatronum$",cryptopatronum,malpedia
"^cryptorium$",cryptorium,malpedia
"^cryptowire$",cryptowire,malpedia
"^cryptxxxx$",cryptxxxx,malpedia
"^cutlet$",cutlet,malpedia
"^breut$",darkcomet,malpedia
"^darkmegi$",darkmegi,malpedia
"^darkstrat$",darkstrat,malpedia
"^darktequila$",darktequila,malpedia
"^(dcrat|darkcrystal rat)$",dcrat,malpedia
"^(deathransom|wacatac)$",deathransom,malpedia
"^decebal$",decebal,malpedia
"^(glushkov|defray)$",defray,malpedia
"^deltas$",deltas,malpedia
"^dented$",dented,malpedia
"^dimnie$",dimnie,malpedia
"^dispcashbr$",dispcashbr,malpedia
"^dispenserxfs$",dispenserxfs,malpedia
"^(divergent|novter)$",divergent,malpedia
"^dma[ _-]?locker$",dma_locker,malpedia
"^(doghousepower|shelma)$",doghousepower,malpedia
"^(downdelph|delphacy)$",downdelph,malpedia
"^downeks$",downeks,malpedia
"^downpaper$",downpaper,malpedia
"^dramnudge$",dramnudge,malpedia
"^(driftpin|toshliph|spy\.agent\.orm)$",driftpin,malpedia
"^dubnium[ _-]?darkhotel$",dubnium_darkhotel,malpedia
"^dumador$",dumador,malpedia
"^duqu$",duqu,malpedia
"^dustman$",dustman,malpedia
"^(escad|duuzer)$",duuzer,malpedia
"^easynight$",easynight,malpedia
"^ehdevel$",ehdevel,malpedia
"^(evilnest|elise)$",elise,malpedia
"^empire[ _-]?downloader$",empire_downloader,malpedia
"^equationdrug$",equationdrug,malpedia
"^erebus$",erebus,malpedia
"^erica[ _-]?ransomware$",erica_ransomware,malpedia
"^eris$",eris,malpedia
"^(badrabbit|nonpetya|diskcoder\.c|expetr|eternal[ _-]?petya|notpetya|nyetya|petna|pnyetya|npetya)$",eternal_petya,malpedia
"^(evilgrab|vidgrab)$",evilgrab,malpedia
"^evilnum$",evilnum,malpedia
"^(crestealer|evilpony)$",evilpony,malpedia
"^evrial$",evrial,malpedia
"^(saber|sabresac|excalibur)$",excalibur,malpedia
"^exchange[ _-]?tool$",exchange_tool,malpedia
"^exilerat$",exilerat,malpedia
"^(extreme[ _-]?rat|extrat)$",extreme_rat,malpedia
"^faketc$",faketc,malpedia
"^fantomcrypt$",fantomcrypt,malpedia
"^fast[ _-]?pos$",fast_pos,malpedia
"^felismus$",felismus,malpedia
"^felixroot$",felixroot,malpedia
"^fileice[ _-]?ransom$",fileice_ransom,malpedia
"^final1stspy$",final1stspy,malpedia
"^(finspy|finfisher)$",finfisher,malpedia
"^firecrypt$",firecrypt,malpedia
"^firemalv$",firemalv,malpedia
"^first[ _-]?ransom$",first_ransom,malpedia
"^flashflood$",flashflood,malpedia
"^flawedammyy$",flawedammyy,malpedia
"^(flawedgrace|gracewire)$",flawedgrace,malpedia
"^flexispy$",flexispy,malpedia
"^flying[ _-]?dutchman$",flying_dutchman,malpedia
"^(ffrat|former[ _-]?first[ _-]?rat)$",former_first_rat,malpedia
"^fortunecrypt$",fortunecrypt,malpedia
"^freenki$",freenki,malpedia
"^(iencrypt|bitpaymer|doppelpaymer|friedex|pay or grief)$",friedex,malpedia
"^fuxsocy$",fuxsocy,malpedia
"^galaxyloader$",galaxyloader,malpedia
"^(gamapos|pios)$",gamapos,malpedia
"^gameover[ _-]?dga$",gameover_dga,malpedia
"^(goz|gameover[ _-]?p2p|mapp|zeus p2p)$",gameover_p2p,malpedia
"^gamotrol$",gamotrol,malpedia
"^(grandcrab|gandcrab)$",gandcrab,malpedia
"^gaudox$",gaudox,malpedia
"^(gazer|whitebear)$",gazer,malpedia
"^gearinformer$",gearinformer,malpedia
"^gearshift$",gearshift,malpedia
"^gemcutter$",gemcutter,malpedia
"^getmail$",getmail,malpedia
"^(gholee|ghole|coreimpact (modified))$",ghole,malpedia
"^(pcrat|gh0st rat|ghost[ _-]?rat)$",ghost_rat,malpedia
"^glassrat$",glassrat,malpedia
"^globe[ _-]?ransom$",globe_ransom,malpedia
"^glooxmail$",glooxmail,malpedia
"^gobotkr$",gobotkr,malpedia
"^godoh$",godoh,malpedia
"^(gold[ _-]?dragon|lovexxx)$",gold_dragon,malpedia
"^(petya/mischa|goldeneye)$",goldeneye,malpedia
"^golroted$",golroted,malpedia
"^(fuerboos|goodor)$",goodor,malpedia
"^gophe$",gophe,malpedia
"^govrat$",govrat,malpedia
"^grabbot$",grabbot,malpedia
"^(grateful[ _-]?pos|frameworkpos|scrapmint|trinity)$",grateful_pos,malpedia
"^gravity[ _-]?rat$",gravity_rat,malpedia
"^grey[ _-]?energy$",grey_energy,malpedia
"^(hellsing backdoor|grillmark)$",grillmark,malpedia
"^grunt$",grunt,malpedia
"^gsecdump$",gsecdump,malpedia
"^gup[ _-]?proxy$",gup_proxy,malpedia
"^chanitor$",hancitor,malpedia
"^hardrain$",hardrain,malpedia
"^havex[ _-]?rat$",havex_rat,malpedia
"^(hawkeye reborn|predator pain|hawkeye[ _-]?keylogger|hawkeye)$",hawkeye_keylogger,malpedia
"^(hdmr|go-sport)$",hdmr,malpedia
"^herbst$",herbst,malpedia
"^herpes$",herpes,malpedia
"^hiddenbee$",hiddenbee,malpedia
"^highnoon[ _-]?bin$",highnoon_bin,malpedia
"^(hoplight|hangman)$",hoplight,malpedia
"^hotwax$",hotwax,malpedia
"^(wshrat|dinihou|jenxcus|hworm|houdini|njw0rm|kognito)$",houdini,malpedia
"^htprat$",htprat,malpedia
"^(hackerdefender|hackdef|hacdef|hxdef)$",hxdef,malpedia
"^hyperbro$",hyperbro,malpedia
"^ice[ _-]?ix$",ice_ix,malpedia
"^icedid[ _-]?downloader$",icedid_downloader,malpedia
"^(troxen|icyheart)$",icyheart,malpedia
"^idkey$",idkey,malpedia
"^imminent[ _-]?monitor[ _-]?rat$",imminent_monitor_rat,malpedia
"^innaput[ _-]?rat$",innaput_rat,malpedia
"^ironhalo$",ironhalo,malpedia
"^ismagent$",ismagent,malpedia
"^ispy[ _-]?keylogger$",ispy_keylogger,malpedia
"^(jaku|kcna infostealer|c3pro-racoon|equinox|reconcyc)$",jaku,malpedia
"^jimmy$",jimmy,malpedia
"^joanap$",joanap,malpedia
"^(karagny|karagany)$",karagany,malpedia
"^kardonloader$",kardonloader,malpedia
"^(cactuspipe|maildropper|karkoff|oilyface)$",karkoff,malpedia
"^ketrican$",ketrican,malpedia
"^keylogger[ _-]?apt3$",keylogger_apt3,malpedia
"^keymarble$",keymarble,malpedia
"^khrat$",khrat,malpedia
"^kikothac$",kikothac,malpedia
"^killdisk$",killdisk,malpedia
"^(kasper internet non-security|maple)$",kins,malpedia
"^(kleptoparasite[ _-]?stealer|parasite|joglog)$",kleptoparasite_stealer,malpedia
"^kokokrypt$",kokokrypt,malpedia
"^(kpot|kpot[ _-]?stealer|khalesi)$",kpot_stealer,malpedia
"^krdownloader$",krdownloader,malpedia
"^(gofot|barys|kuaibpy|kuaibu8)$",kuaibu8,malpedia
"^kuluoz$",kuluoz,malpedia
"^kutaki$",kutaki,malpedia
"^lamdelin$",lamdelin,malpedia
"^latentbot$",latentbot,malpedia
"^laturo$",laturo,malpedia
"^leash$",leash,malpedia
"^(lempo|liderc)$",liderc,malpedia
"^limerat$",limerat,malpedia
"^limitail$",limitail,malpedia
"^listrix$",listrix,malpedia
"^lockergoga$",lockergoga,malpedia
"^locky[ _-]?loader$",locky_loader,malpedia
"^logedrut$",logedrut,malpedia
"^logpos$",logpos,malpedia
"^lojax$",lojax,malpedia
"^(loki|burkina|lokipws|lokibot)$",lokipws,malpedia
"^loochiper$",loochiper,malpedia
"^lookback$",lookback,malpedia
"^lowball$",lowball,malpedia
"^(portreuse|lowkey)$",lowkey,malpedia
"^lunchmoney$",lunchmoney,malpedia
"^luzo$",luzo,malpedia
"^(lyposit|adneukine|bomba locker|lucky locker)$",lyposit,malpedia
"^majik[ _-]?pos$",majik_pos,malpedia
"^makadocs$",makadocs,malpedia
"^makloader$",makloader,malpedia
"^maktub$",maktub,malpedia
"^(manamecrypt|cryptohost)$",manamecrypt,malpedia
"^(vedratve|mangzamel|junidor|mengkite)$",mangzamel,malpedia
"^manitsme$",manitsme,malpedia
"^marap$",marap,malpedia
"^matrix[ _-]?ransom$",matrix_ransom,malpedia
"^(maze|chacha)$",maze,malpedia
"^(mbrlock|dexlocker)$",mbrlock,malpedia
"^medre$",medre,malpedia
"^megumin$",megumin,malpedia
"^merlin$",merlin,malpedia
"^(pysa|mespinoza)$",mespinoza,malpedia
"^(casbaneiro|metamorfo)$",metamorfo,malpedia
"^mewsei$",mewsei,malpedia
"^mikoponi$",mikoponi,malpedia
"^milkmaid$",milkmaid,malpedia
"^milum$",milum,malpedia
"^mimikatz$",mimikatz,malpedia
"^(gazgolder|minebridge)$",minebridge,malpedia
"^miragefox$",miragefox,malpedia
"^misdat$",misdat,malpedia
"^mole$",mole,malpedia
"^moonwind$",moonwind,malpedia
"^morphine$",morphine,malpedia
"^mosquito$",mosquito,malpedia
"^(mpk|mpkbot)$",mpkbot,malpedia
"^mydogs$",mydogs,malpedia
"^mykings[ _-]?spreader$",mykings_spreader,malpedia
"^(mzrevenge|mamo434376)$",mzrevenge,malpedia
"^nabucur$",nabucur,malpedia
"^(twopence|cyruslish|nachocheese|vivaciousgift)$",nachocheese,malpedia
"^nano[ _-]?locker$",nano_locker,malpedia
"^narilam$",narilam,malpedia
"^nautilus$",nautilus,malpedia
"^nemain$",nemim,malpedia
"^nemty$",nemty,malpedia
"^netc$",netc,malpedia
"^netrepser[ _-]?keylogger$",netrepser_keylogger,malpedia
"^neuron$",neuron,malpedia
"^newcore[ _-]?rat$",newcore_rat,malpedia
"^nexus[ _-]?logger$",nexus_logger,malpedia
"^(bladabindi|njrat)$",njrat,malpedia
"^nvisospit$",nvisospit,malpedia
"^oceansalt$",oceansalt,malpedia
"^oddjob$",oddjob,malpedia
"^okrum$",okrum,malpedia
"^(olympic[ _-]?destroyer|sourgrape)$",olympic_destroyer,malpedia
"^onhat$",onhat,malpedia
"^(onliner|sbot)$",onliner,malpedia
"^(outlook[ _-]?backdoor|facade)$",outlook_backdoor,malpedia
"^overlay[ _-]?rat$",overlay_rat,malpedia
"^(luckyowa|owaauth)$",owaauth,malpedia
"^paradise$",paradise,malpedia
"^(parallax|parallaxrat)$",parallax,malpedia
"^passlock$",passlock,malpedia
"^penco$",penco,malpedia
"^(pgift|rerol)$",pgift,malpedia
"^phandoor$",phandoor,malpedia
"^philadelphia[ _-]?ransom$",philadelphia_ransom,malpedia
"^phobos$",phobos,malpedia
"^phoenix[ _-]?keylogger$",phoenix_keylogger,malpedia
"^(phoreal|rizzo)$",phoreal,malpedia
"^pickpocket$",pickpocket,malpedia
"^pierogi$",pierogi,malpedia
"^plaintee$",plaintee,malpedia
"^(goodtimes|drawdown|linopid|plead)$",plead,malpedia
"^ploutus[ _-]?atm$",ploutus_atm,malpedia
"^pngdowner$",pngdowner,malpedia
"^polyglot[ _-]?ransom$",polyglot_ransom,malpedia
"^siplog$",pony,malpedia
"^poohmilk$",poohmilk,malpedia
"^poorweb$",poorweb,malpedia
"^portless$",portless,malpedia
"^poshc2$",poshc2,malpedia
"^(punchtrack|poslurp)$",poslurp,malpedia
"^(power[ _-]?ratankba|quickride\.power)$",power_ratankba,malpedia
"^powercat$",powercat,malpedia
"^powerkatz$",powerkatz,malpedia
"^powerpool$",powerpool,malpedia
"^powershellrunner$",powershellrunner,malpedia
"^prb[ _-]?backdoor$",prb_backdoor,malpedia
"^predator$",predator,malpedia
"^princess[ _-]?locker$",princess_locker,malpedia
"^(pslogger|eccentricbandwagon)$",pslogger,malpedia
"^punkey[ _-]?pos$",punkey_pos,malpedia
"^(patpoopy|pupy)$",pupy,malpedia
"^purelocker$",purelocker,malpedia
"^putabmow$",putabmow,malpedia
"^(pyxie|pyxie rat)$",pyxie,malpedia
"^(mohazo|raccoonstealer|racealer)$",raccoon,malpedia
"^radamant$",radamant,malpedia
"^radrat$",radrat,malpedia
"^(rambo|brebsd)$",rambo,malpedia
"^nimnul$",ramnit,malpedia
"^ranscam$",ranscam,malpedia
"^(winlock|ransomlock)$",ransomlock,malpedia
"^ransomware[ _-]?snc$",ransomware_snc,malpedia
"^rarog$",rarog,malpedia
"^rarstar$",rarstar,malpedia
"^ratsnif$",ratsnif,malpedia
"^rawpos$",rawpos,malpedia
"^rdasrv$",rdasrv,malpedia
"^reaver$",reaver,malpedia
"^red[ _-]?alert$",red_alert,malpedia
"^redline[ _-]?stealer$",redline_stealer,malpedia
"^(redpepper|adupib)$",redpepper,malpedia
"^(dipsind|redsalt)$",redsalt,malpedia
"^regin$",regin,malpedia
"^(przt ransomware|rektware)$",rektware,malpedia
"^(remexi|cachemoney)$",remexi,malpedia
"^remsec[ _-]?strider$",remsec_strider,malpedia
"^(revenge[ _-]?rat|revetrat)$",revenge_rat,malpedia
"^rincux$",rincux,malpedia
"^rising[ _-]?sun$",rising_sun,malpedia
"^(robbinhood|robinhood)$",robinhood,malpedia
"^rockloader$",rockloader,malpedia
"^roguerobin$",roguerobin,malpedia
"^royal[ _-]?dns$",royal_dns,malpedia
"^rozena$",rozena,malpedia
"^(rtm|redaman)$",rtm,malpedia
"^rtpos$",rtpos,malpedia
"^(sidoh|ryuk[ _-]?stealer)$",ryuk_stealer,malpedia
"^saefko$",saefko,malpedia
"^safenet$",safenet,malpedia
"^(sage[ _-]?ransom|saga)$",sage_ransom,malpedia
"^(salgorea|badcake)$",salgorea,malpedia
"^(samas|samsam)$",samsam,malpedia
"^sanny$",sanny,malpedia
"^sappycache$",sappycache,malpedia
"^(satan|5ss5c|lucky ransomware|dbger)$",satan,malpedia
"^satellite[ _-]?turla$",satellite_turla,malpedia
"^scarab[ _-]?ransom$",scarab_ransom,malpedia
"^schneiken$",schneiken,malpedia
"^scote$",scote,malpedia
"^sdbbot$",sdbbot,malpedia
"^(seaduke|seadaddy|seadask)$",seadaddy,malpedia
"^(sedreco|eviltoss|azzy)$",sedreco,malpedia
"^serpico$",serpico,malpedia
"^servhelper$",servhelper,malpedia
"^(shadowhammer|dayjob)$",shadowhammer,malpedia
"^shakti$",shakti,malpedia
"^(shareip|remotecmd)$",shareip,malpedia
"^sharpstats$",sharpstats,malpedia
"^shelllocker$",shelllocker,malpedia
"^shimrat$",shimrat,malpedia
"^shujin$",shujin,malpedia
"^shurl0ckr$",shurl0ckr,malpedia
"^sidewinder$",sidewinder,malpedia
"^sihost$",sihost,malpedia
"^(silence|truebot)$",silence,malpedia
"^sisfader$",sisfader,malpedia
"^(skipper|kotel)$",skipper,malpedia
"^slave$",slave,malpedia
"^sliver$",sliver,malpedia
"^(smac|speccom)$",smac,malpedia
"^(ismo|smominru)$",smominru,malpedia
"^snatch[ _-]?loader$",snatch_loader,malpedia
"^(sneepy|byebyeshell)$",sneepy,malpedia
"^snslocker$",snslocker,malpedia
"^(palyh|sobig)$",sobig,malpedia
"^sorano$",sorano,malpedia
"^soraya$",soraya,malpedia
"^sorgu$",sorgu,malpedia
"^(soundbite|denis)$",soundbite,malpedia
"^sparkle$",sparkle,malpedia
"^spedear$",spedear,malpedia
"^spora[ _-]?ransom$",spora_ransom,malpedia
"^squirtdanger$",squirtdanger,malpedia
"^sslmm$",sslmm,malpedia
"^(stalin[ _-]?locker|stalinscreamer)$",stalin_locker,malpedia
"^starcruft$",starcruft,malpedia
"^starsypound$",starsypound,malpedia
"^(easy television access now|startpage)$",startpage,malpedia
"^stealthworker$",stealthworker,malpedia
"^stegoloader$",stegoloader,malpedia
"^(djvu|keypass|stop)$",stop,malpedia
"^stration$",stration,malpedia
"^stuxnet$",stuxnet,malpedia
"^suceful$",suceful,malpedia
"^sunorcal$",sunorcal,malpedia
"^bayrob$",suppobox,malpedia
"^swen$",swen,malpedia
"^synccrypt$",synccrypt,malpedia
"^synflooder$",synflooder,malpedia
"^sys10$",sys10,malpedia
"^sysget$",sysget,malpedia
"^(syskit|iviztech|mangopunch)$",syskit,malpedia
"^(clipsa|sysraw[ _-]?stealer)$",sysraw_stealer,malpedia
"^(coroxy|systembc)$",systembc,malpedia
"^tabmsgsql$",tabmsgsql,malpedia
"^(taidoor|simbot)$",taidoor,malpedia
"^(hammertoss|hammerduke|tdiscoverer)$",tdiscoverer,malpedia
"^(teambot|finteam)$",teambot,malpedia
"^(fakem rat|terminator[ _-]?rat)$",terminator_rat,malpedia
"^termite$",termite,malpedia
"^(terra[ _-]?recon|taurus loader reconnaissance module)$",terra_recon,malpedia
"^(terra[ _-]?stealer|sone|stealerone|taurus loader stealer module)$",terra_stealer,malpedia
"^(terra[ _-]?tv|taurus loader teamviewer module)$",terra_tv,malpedia
"^tflower$",tflower,malpedia
"^thanatos[ _-]?ransom$",thanatos_ransom,malpedia
"^threebyte$",threebyte,malpedia
"^thumbthief$",thumbthief,malpedia
"^tinytyphon$",tinytyphon,malpedia
"^gheg$",tofsee,malpedia
"^tonedeaf$",tonedeaf,malpedia
"^teerac$",torrentlocker,malpedia
"^(treasurehunter|huntpos)$",treasurehunter,malpedia
"^(trisis|hatman|triton)$",triton,malpedia
"^(turnedup|notestuk)$",turnedup,malpedia
"^udpos$",udpos,malpedia
"^(usteal|ufrstealer)$",ufrstealer,malpedia
"^uiwix$",uiwix,malpedia
"^urausy$",urausy,malpedia
"^vanillarat$",vanillarat,malpedia
"^(grabnew|catch)$",vawtrak,malpedia
"^(vega|vegalocker|buran)$",vegalocker,malpedia
"^vermin$",vermin,malpedia
"^w32times$",w32times,malpedia
"^(wana decrypt0r|wannacryptor|wcry)$",wannacryptor,malpedia
"^webc2[ _-]?bolid$",webc2_bolid,malpedia
"^webc2[ _-]?div$",webc2_div,malpedia
"^webc2[ _-]?qbp$",webc2_qbp,malpedia
"^webc2[ _-]?rave$",webc2_rave,malpedia
"^webc2[ _-]?table$",webc2_table,malpedia
"^wellmess$",wellmess,malpedia
"^winlog$",winlog,malpedia
"^(winnti|jumpall|pasteboy|rbdoor|bledoor)$",winnti,malpedia
"^winsloader$",winsloader,malpedia
"^(tavdig|epic|wipbot)$",wipbot,malpedia
"^(wimmie|wmighost|syndicasec)$",wmighost,malpedia
"^wscspl$",wscspl,malpedia
"^xfsadm$",xfsadm,malpedia
"^xiaoba$",xiaoba,malpedia
"^(xpctra|expectra)$",xpctra,malpedia
"^xwo$",xwo,malpedia
"^(shadowwalker|xxmm)$",xxmm,malpedia
"^(yahoyah|keyboy|tssl)$",yahoyah,malpedia
"^(teslarvng ransomware|yakuza[ _-]?ransomware)$",yakuza_ransomware,malpedia
"^yatron$",yatron,malpedia
"^yoddos$",yoddos,malpedia
"^yty$",yty,malpedia
"^zebrocy[ _-]?au3$",zebrocy_au3,malpedia
"^zedhou$",zedhou,malpedia
"^zeroevil$",zeroevil,malpedia
"^zerot$",zerot,malpedia
"^zeus[ _-]?mailsniffer$",zeus_mailsniffer,malpedia
"^(xsphinx|zeus[ _-]?openssl)$",zeus_openssl,malpedia
"^zeus[ _-]?sphinx$",zeus_sphinx,malpedia
"^zhcat$",zhcat,malpedia
"^zhmimikatz$",zhmimikatz,malpedia
"^zyklon$",zyklon,malpedia
"^absentloader$",absentloader,malpedia
"^ariabody$",ariabody,malpedia
"^beepservice$",beepservice,malpedia
"^ddkeylogger$",ddkeylogger,malpedia
"^eyservice$",eyservice,malpedia
"^gocryptolocker$",gocryptolocker,malpedia
"^himera[ _-]?loader$",himera_loader,malpedia
"^(jeno|jest|valeria)$",jeno,malpedia
"^lalala[ _-]?stealer$",lalala_stealer,malpedia
"^lolsnif$",lolsnif,malpedia
"^masslogger$",masslogger,malpedia
"^(metaljack|denesrat)$",metaljack,malpedia
"^netflash$",netflash,malpedia
"^ozh[ _-]?rat$",ozh_rat,malpedia
"^peddlecheap$",peddlecheap,malpedia
"^ragnarlocker$",ragnarlocker,malpedia
"^ramsay$",ramsay,malpedia
"^(quickride|ratankba)$",ratankba,malpedia
"^rhino$",rhino,malpedia
"^simplefilemover$",simplefilemover,malpedia
"^sshnet$",sshnet,malpedia
"^taintedscribe$",taintedscribe,malpedia
"^(fireshadow|tclient)$",tclient,malpedia
"^usbculprit$",usbculprit,malpedia
"^wannaren$",wannaren,malpedia
"^ziyangrat$",ziyangrat,malpedia
"^4h[ _-]?rat$",4h_rat,malpedia
"^(acidbox|magicscroll)$",acidbox,malpedia
"^adhubllka$",adhubllka,malpedia
"^(bluetraveller|albaniiutas)$",albaniiutas,malpedia
"^(babuk|babyk|vasa locker)$",babuk,malpedia
"^backoff$",backoff,malpedia
"^barkiofork$",barkiofork,malpedia
"^(nimzaloader|bazarnimrod)$",bazarnimrod,malpedia
"^bioload$",bioload,malpedia
"^blacknix[ _-]?rat$",blacknix_rat,malpedia
"^calmthorn$",calmthorn,malpedia
"^cifty$",cifty,malpedia
"^(covically|covicli)$",covicli,malpedia
"^crat$",crat,malpedia
"^cring$",cring,malpedia
"^crutch$",crutch,malpedia
"^(colddraw|cuba)$",cuba,malpedia
"^cysxl$",cysxl,malpedia
"^darkside$",darkside,malpedia
"^deprimon$",deprimon,malpedia
"^diztakun$",diztakun,malpedia
"^(donut|donut[ _-]?injector)$",donut_injector,malpedia
"^(doublefantasy|validator)$",doublefantasy,malpedia
"^dropbook$",dropbook,malpedia
"^egregor$",egregor,malpedia
"^enviserv$",enviserv,malpedia
"^(0xfancyfilter|fancyfilter)$",fancyfilter,malpedia
"^fickerstealer$",fickerstealer,malpedia
"^gacrux$",gacrux,malpedia
"^giffy$",giffy,malpedia
"^goldenspy$",goldenspy,malpedia
"^holcus$",holcus,malpedia
"^hopscotch$",hopscotch,malpedia
"^interception$",interception,malpedia
"^jssloader$",jssloader,malpedia
"^juicy[ _-]?potato$",juicy_potato,malpedia
"^knot$",knot,malpedia
"^kryptocibule$",kryptocibule,malpedia
"^lcpdot$",lcpdot,malpedia
"^masad[ _-]?stealer$",masad_stealer,malpedia
"^mistyveal$",mistyveal,malpedia
"^molenet$",molenet,malpedia
"^moriagent$",moriagent,malpedia
"^(quantumlocker|dagonlocker|mount[ _-]?locker)$",mount_locker,malpedia
"^neddnloader$",neddnloader,malpedia
"^newpass$",newpass,malpedia
"^nixscare$",nixscare,malpedia
"^owlproxy$",owlproxy,malpedia
"^pillowmint$",pillowmint,malpedia
"^raindrop$",raindrop,malpedia
"^(ransomexx|defray777|ransom x)$",ransomexx,malpedia
"^rctrl$",rctrl,malpedia
"^rektloader$",rektloader,malpedia
"^seinup$",seinup,malpedia
"^(sepsys|silvertor ransomware)$",sepsys,malpedia
"^sepulcher$",sepulcher,malpedia
"^smaug$",smaug,malpedia
"^sn0wslogger$",sn0wslogger,malpedia
"^(sodamaster|dfls|delfscake|heavypot)$",sodamaster,malpedia
"^(jupyter|yellow[ _-]?cockatoo|polazer|polazert|solarmarker)$",solarmarker,malpedia
"^sombrat$",sombrat,malpedia
"^sorefang$",sorefang,malpedia
"^suncrypt$",suncrypt,malpedia
"^supernova$",supernova,malpedia
"^surtr$",surtr,malpedia
"^t[ _-]?rat$",t_rat,malpedia
"^(teamviewerent|tvrat|tvspy|teamspy)$",teamspy,malpedia
"^telandext$",telandext,malpedia
"^terra[ _-]?loader$",terra_loader,malpedia
"^terrapreter$",terrapreter,malpedia
"^thinmon$",thinmon,malpedia
"^(turla[ _-]?silentmoon|hyperstack|goldensky|bigboss|cacao)$",turla_silentmoon,malpedia
"^vadokrist$",vadokrist,malpedia
"^vaggen$",vaggen,malpedia
"^venom$",venom,malpedia
"^wabot$",wabot,malpedia
"^whitebird$",whitebird,malpedia
"^(wormlckr|wormlocker)$",wormlocker,malpedia
"^wpbrutebot$",wpbrutebot,malpedia
"^x4$",x4,malpedia
"^xdspy$",xdspy,malpedia
"^(xp10|fakechrome ransomware)$",xp10,malpedia
"^(z3enc ransomware|z3)$",z3,malpedia
"^avos[ _-]?locker$",avos_locker,malpedia
"^biopass$",biopass,malpedia
"^bizarro$",bizarro,malpedia
"^campoloader$",campoloader,malpedia
"^(mingloa|copper[ _-]?stealer)$",copper_stealer,malpedia
"^(sunnyday|ever101|curator)$",curator,malpedia
"^(data[ _-]?exfiltrator|filesender)$",data_exfiltrator,malpedia
"^(dearcry|doejocrypt)$",dearcry,malpedia
"^(fivehands|thieflock)$",fivehands,malpedia
"^fujinama$",fujinama,malpedia
"^gasket$",gasket,malpedia
"^habitsrat$",habitsrat,malpedia
"^jobcrypter$",jobcrypter,malpedia
"^killsomeone$",killsomeone,malpedia
"^kingminer$",kingminer,malpedia
"^klingon[ _-]?rat$",klingon_rat,malpedia
"^markirat$",markirat,malpedia
"^mofksys$",mofksys,malpedia
"^moserpass$",moserpass,malpedia
"^nebulae$",nebulae,malpedia
"^ousaban$",ousaban,malpedia
"^panda[ _-]?stealer$",panda_stealer,malpedia
"^prometheus$",prometheus,malpedia
"^skinnyboy$",skinnyboy,malpedia
"^smackdown$",smackdown,malpedia
"^spyder$",spyder,malpedia
"^vjw0rm$",vjw0rm,malpedia
"^(eyewell|waterbear|dbgprint)$",waterbear,malpedia
"^westeal$",westeal,malpedia
"^zenar$",zenar,malpedia
"^(snake keylogger|404keylogger)$",404keylogger,malpedia
"^(tinypos|abaddon[ _-]?pos|pinkkite)$",abaddon_pos,malpedia
"^abantes$",abantes,malpedia
"^acehash$",acehash,malpedia
"^acridrain$",acridrain,malpedia
"^acronym$",acronym,malpedia
"^adamantium[ _-]?thief$",adamantium_thief,malpedia
"^adkoob$",adkoob,malpedia
"^afrodita$",afrodita,malpedia
"^(sun rootkit|minit|agent[ _-]?btz|comrat)$",agent_btz,malpedia
"^aldibot$",aldibot,malpedia
"^(alice[ _-]?atm|pralice)$",alice_atm,malpedia
"^(alina[ _-]?eagle|katrina|alina[ _-]?pos|alina[ _-]?spark)$",alina_pos,malpedia
"^alma[ _-]?communicator$",alma_communicator,malpedia
"^alphanc$",alphanc,malpedia
"^anatova[ _-]?ransom$",anatova_ransom,malpedia
"^anchor$",anchor,malpedia
"^(anel|uppercut|lena)$",anel,malpedia
"^antefrigus$",antefrigus,malpedia
"^applejeus$",applejeus,malpedia
"^arefty$",arefty,malpedia
"^(arik[ _-]?keylogger|aaron keylogger)$",arik_keylogger,malpedia
"^arkei[ _-]?stealer$",arkei_stealer,malpedia
"^ars[ _-]?loader$",ars_loader,malpedia
"^artra$",artra,malpedia
"^(guildma|astaroth)$",astaroth,malpedia
"^ati[ _-]?agent$",ati_agent,malpedia
"^atmitch$",atmitch,malpedia
"^atmspitter$",atmspitter,malpedia
"^attor$",attor,malpedia
"^august[ _-]?stealer$",august_stealer,malpedia
"^(aurora|onekeylocker)$",aurora,malpedia
"^avast[ _-]?disabler$",avast_disabler,malpedia
"^(ave[ _-]?maria|warzonerat|warzone rat|avemariarat)$",ave_maria,malpedia
"^aveo$",aveo,malpedia
"^ayegent$",ayegent,malpedia
"^(azorult|puffstealer|rultazo)$",azorult,malpedia
"^(babar|snowball)$",babar,malpedia
"^babylon[ _-]?rat$",babylon_rat,malpedia
"^backnet$",backnet,malpedia
"^(lecna|zrlnk|backspace)$",backspace,malpedia
"^badcall$",badcall,malpedia
"^badflick$",badflick,malpedia
"^badnews$",badnews,malpedia
"^(baldr|baldir)$",baldr,malpedia
"^(bankshot|copperhedge)$",bankshot,malpedia
"^bart$",bart,malpedia
"^batchwiper$",batchwiper,malpedia
"^bbsrat$",bbsrat,malpedia
"^belonard$",belonard,malpedia
"^bestkorea$",bestkorea,malpedia
"^bfbot$",bfbot,malpedia
"^billgates$",billgates,malpedia
"^(bitsran|shadycat)$",bitsran,malpedia
"^(blackcoffee|pngrat|gresim|zoxpng)$",blackcoffee,malpedia
"^(mmon|blackpos|reedum|poswds|kaptoxa)$",blackpos,malpedia
"^(blackheart|blackrouter)$",blackrouter,malpedia
"^blackruby$",blackruby,malpedia
"^blackshades$",blackshades,malpedia
"^blackworm[ _-]?rat$",blackworm_rat,malpedia
"^blindtoad$",blindtoad,malpedia
"^bohmini$",bohmini,malpedia
"^boostwrite$",boostwrite,malpedia
"^bouncer$",bouncer,malpedia
"^(brambul|sorrybrute)$",brambul,malpedia
"^bravonc$",bravonc,malpedia
"^bredolab$",bredolab,malpedia
"^brushaloader$",brushaloader,malpedia
"^bs2005$",bs2005,malpedia
"^btcware$",btcware,malpedia
"^bubblewrap$",bubblewrap,malpedia
"^(0zapftis|bundestrojaner|r2d2)$",bundestrojaner,malpedia
"^byeby$",byeby,malpedia
"^cannon$",cannon,malpedia
"^(anunak|sekur rat|carbanak)$",carbanak,malpedia
"^cardinal[ _-]?rat$",cardinal_rat,malpedia
"^carrotball$",carrotball,malpedia
"^carrotbat$",carrotbat,malpedia
"^(dirtcleaner|ccleaner[ _-]?backdoor)$",ccleaner_backdoor,malpedia
"^(centerpos|cerebrus)$",centerpos,malpedia
"^(haymaker|ham backdoor|chches)$",chches,malpedia
"^chernolocker$",chernolocker,malpedia
"^chewbacca$",chewbacca,malpedia
"^chinachopper$",chinachopper,malpedia
"^clambling$",clambling,malpedia
"^classfon$",classfon,malpedia
"^cleantoad$",cleantoad,malpedia
"^clipbanker$",clipbanker,malpedia
"^clop$",clop,malpedia
"^(minidionis|cloudlook|cloud[ _-]?duke)$",cloud_duke,malpedia
"^(cobalt[ _-]?strike|cobeacon|agentemis|beacon)$",cobalt_strike,malpedia
"^cobian[ _-]?rat$",cobian_rat,malpedia
"^(coolpants|cobint)$",cobint,malpedia
"^(carbon|cobra)$",cobra,malpedia
"^codekey$",codekey,malpedia
"^(colony|graybird|bandios)$",colony,malpedia
"^combos$",combos,malpedia
"^(compfun|reductor rat)$",compfun,malpedia
"^(computrace|lojack)$",computrace,malpedia
"^comrade[ _-]?circle$",comrade_circle,malpedia
"^confucius$",confucius,malpedia
"^cookiebag$",cookiebag,malpedia
"^coredn$",coredn,malpedia
"^(sourface|coreshell)$",coreshell,malpedia
"^(coronavirus cover-ransomware|coronavirus[ _-]?ransomware)$",coronavirus_ransomware,malpedia
"^cotx$",cotx,malpedia
"^coviper$",coviper,malpedia
"^credraptor$",credraptor,malpedia
"^crypt0l0cker$",crypt0l0cker,malpedia
"^cryptbot$",cryptbot,malpedia
"^cryptic[ _-]?convo$",cryptic_convo,malpedia
"^crypto[ _-]?fortress$",crypto_fortress,malpedia
"^crypto[ _-]?ransomeware$",crypto_ransomeware,malpedia
"^(cryptomix|azer|cryptfile2)$",cryptomix,malpedia
"^cryptoshield$",cryptoshield,malpedia
"^cryptoshuffler$",cryptoshuffler,malpedia
"^csext$",csext,malpedia
"^ctb[ _-]?locker$",ctb_locker,malpedia
"^cuegoe$",cuegoe,malpedia
"^cueisfry$",cueisfry,malpedia
"^cursed[ _-]?murderer$",cursed_murderer,malpedia
"^cyber[ _-]?splitter$",cyber_splitter,malpedia
"^(mata|dacls)$",dacls,malpedia
"^dadjoke$",dadjoke,malpedia
"^dairy$",dairy,malpedia
"^danabot$",danabot,malpedia
"^darkpulsar$",darkpulsar,malpedia
"^darkrat$",darkrat,malpedia
"^darktrack[ _-]?rat$",darktrack_rat,malpedia
"^datper$",datper,malpedia
"^ddkong$",ddkong,malpedia
"^deputydog$",deputydog,malpedia
"^(photo|derusbi)$",derusbi,malpedia
"^devils[ _-]?rat$",devils_rat,malpedia
"^dexphot$",dexphot,malpedia
"^(lusypos|dexter)$",dexter,malpedia
"^(dharma|crysis|arena|wadhrama|ncov)$",dharma,malpedia
"^(gorynch|crystal|diamondfox|gorynych)$",diamondfox,malpedia
"^dilljuice$",dilljuice,malpedia
"^dmsniff$",dmsniff,malpedia
"^(dnsmessenger|textmate)$",dnsmessenger,malpedia
"^(agentdrable|webmask|dnspionage|agent drable)$",dnspionage,malpedia
"^dorshel$",dorshel,malpedia
"^doublepulsar$",doublepulsar,malpedia
"^(dripion|masson)$",dripion,malpedia
"^dropshot$",dropshot,malpedia
"^(troyrat|dtrack)$",dtrack,malpedia
"^dualtoy$",dualtoy,malpedia
"^dubrute$",dubrute,malpedia
"^(swift|dyepack)$",dyepack,malpedia
"^eda2[ _-]?ransom$",eda2_ransom,malpedia
"^electric[ _-]?powder$",electric_powder,malpedia
"^electricfish$",electricfish,malpedia
"^elirks$",elirks,malpedia
"^(elmost|elmer)$",elmer,malpedia
"^emdivi$",emdivi,malpedia
"^eredel$",eredel,malpedia
"^(eternalrocks|microbotmassivenet)$",eternalrocks,malpedia
"^evilbunny$",evilbunny,malpedia
"^exaramel$",exaramel,malpedia
"^eye[ _-]?pyramid$",eye_pyramid,malpedia
"^(dementiawheel|fanny)$",fanny,malpedia
"^farseer$",farseer,malpedia
"^fastloader$",fastloader,malpedia
"^fct$",fct,malpedia
"^filerase$",filerase,malpedia
"^fireball$",fireball,malpedia
"^firebird[ _-]?rat$",firebird_rat,malpedia
"^(flame|skywiper)$",flame,malpedia
"^floki[ _-]?bot$",floki_bot,malpedia
"^flowershop$",flowershop,malpedia
"^floxif$",floxif,malpedia
"^flusihoc$",flusihoc,malpedia
"^(win\.xloader|formbook)$",formbook,malpedia
"^furtim$",furtim,malpedia
"^gauss$",gauss,malpedia
"^gcman$",gcman,malpedia
"^(get2|friendspeak|getandgo)$",get2,malpedia
"^get[ _-]?pwd$",get_pwd,malpedia
"^(getmypos|getmypass)$",getmypass,malpedia
"^(ghost[ _-]?admin|ghost ibot)$",ghost_admin,malpedia
"^gibberish$",gibberish,malpedia
"^(glasses|wordpress bruteforcer)$",glasses,malpedia
"^glitch[ _-]?pos$",glitch_pos,malpedia
"^(globeimposter|fake globe)$",globeimposter,malpedia
"^glupteba$",glupteba,malpedia
"^(goslu|godlike12)$",godlike12,malpedia
"^godzilla[ _-]?loader$",godzilla_loader,malpedia
"^goggles$",goggles,malpedia
"^google[ _-]?drive[ _-]?rat$",google_drive_rat,malpedia
"^goopic$",goopic,malpedia
"^gpcode$",gpcode,malpedia
"^grandsteal$",grandsteal,malpedia
"^grease$",grease,malpedia
"^(eoehttp|greenshaitan)$",greenshaitan,malpedia
"^grok$",grok,malpedia
"^h1n1$",h1n1,malpedia
"^hacksfase$",hacksfase,malpedia
"^hackspy$",hackspy,malpedia
"^(thanos ransomware|hakbit)$",hakbit,malpedia
"^happy[ _-]?locker$",happy_locker,malpedia
"^piptea$",harnig,malpedia
"^hawkball$",hawkball,malpedia
"^hdroot$",hdroot,malpedia
"^helauto$",helauto,malpedia
"^heriplor$",heriplor,malpedia
"^hermes$",hermes,malpedia
"^(fuckunicorn|hiddentear)$",hiddentear,malpedia
"^highnoon$",highnoon,malpedia
"^(highnote|chynode)$",highnote,malpedia
"^hikit$",hikit,malpedia
"^himan$",himan,malpedia
"^(huc packet transmit tool|htran)$",htran,malpedia
"^http[ _-]?troy$",http_troy,malpedia
"^(httpbrowser|httpdump)$",httpbrowser,malpedia
"^(httpdr0pper|httpdropper)$",httpdropper,malpedia
"^hussar$",hussar,malpedia
"^(bokbot|icedid|iceid)$",icedid,malpedia
"^(icefog|fucobha)$",icefog,malpedia
"^icondown$",icondown,malpedia
"^iisniff$",iisniff,malpedia
"^imecab$",imecab,malpedia
"^inferno$",inferno,malpedia
"^innfirat$",innfirat,malpedia
"^invisimole$",invisimole,malpedia
"^(iap|pandemyia)$",isfb,malpedia
"^ismdoor$",ismdoor,malpedia
"^isr[ _-]?stealer$",isr_stealer,malpedia
"^(isspace|nflog rat)$",isspace,malpedia
"^jackpos$",jackpos,malpedia
"^jaff$",jaff,malpedia
"^jager[ _-]?decryptor$",jager_decryptor,malpedia
"^jason$",jason,malpedia
"^jasus$",jasus,malpedia
"^jcry$",jcry,malpedia
"^jhone[ _-]?rat$",jhone_rat,malpedia
"^jigsaw$",jigsaw,malpedia
"^joao$",joao,malpedia
"^jolob$",jolob,malpedia
"^jqjsnicker$",jqjsnicker,malpedia
"^jripbot$",jripbot,malpedia
"^jsoutprox$",jsoutprox,malpedia
"^kagent$",kagent,malpedia
"^karius$",karius,malpedia
"^kasperagent$",kasperagent,malpedia
"^kazuar$",kazuar,malpedia
"^kegotip$",kegotip,malpedia
"^(kekw-locker|kekw)$",kekw,malpedia
"^kerrdown$",kerrdown,malpedia
"^kibex$",keybase,malpedia
"^kimsuky$",kimsuky,malpedia
"^klrd$",klrd,malpedia
"^koadic$",koadic,malpedia
"^(komprogo|splinter rat)$",komprogo,malpedia
"^konni$",konni,malpedia
"^(blackmoon|krbanker)$",krbanker,malpedia
"^ksl0t$",ksl0t,malpedia
"^kurton$",kurton,malpedia
"^kwampirs$",kwampirs,malpedia
"^(plexor|lambert)$",lambert,malpedia
"^laziok$",laziok,malpedia
"^lazycat$",lazycat,malpedia
"^(shoco|leouncia)$",leouncia,malpedia
"^(nettrans|xtrans|lightneuron)$",lightneuron,malpedia
"^lilith$",lilith,malpedia
"^limedownloader$",limedownloader,malpedia
"^limeminer$",limeminer,malpedia
"^litehttp$",litehttp,malpedia
"^locky[ _-]?decryptor$",locky_decryptor,malpedia
"^(lodarat|nymeria|loda)$",loda,malpedia
"^longwatch$",longwatch,malpedia
"^lordix$",lordix,malpedia
"^(luminositylink|luminosity[ _-]?rat)$",luminosity_rat,malpedia
"^(machete|el machete)$",machete,malpedia
"^magala$",magala,malpedia
"^magniber$",magniber,malpedia
"^(netwalker|mailto|koko ransomware)$",mailto,malpedia
"^makop[ _-]?ransomware$",makop_ransomware,malpedia
"^malumpos$",malumpos,malpedia
"^(mamba|diskcryptor|hddcryptor)$",mamba,malpedia
"^manifestus[ _-]?ransomware$",manifestus_ransomware,malpedia
"^maoloa$",maoloa,malpedia
"^mapiget$",mapiget,malpedia
"^autorun$",mariposa,malpedia
"^matrix[ _-]?banker$",matrix_banker,malpedia
"^matryoshka[ _-]?rat$",matryoshka_rat,malpedia
"^maudi$",maudi,malpedia
"^(mybios|mebromi)$",mebromi,malpedia
"^(mechanical|goldstamp)$",mechanical,malpedia
"^(ako ransomware|ako doxware|medusalocker|medusareborn)$",medusalocker,malpedia
"^megacortex$",megacortex,malpedia
"^miancha$",miancha,malpedia
"^micrass$",micrass,malpedia
"^micropsia$",micropsia,malpedia
"^miniasp$",miniasp,malpedia
"^miniduke$",miniduke,malpedia
"^mixfox$",misfox,malpedia
"^miuref$",miuref,malpedia
"^mm[ _-]?core$",mm_core,malpedia
"^mobi[ _-]?rat$",mobi_rat,malpedia
"^mocton$",mocton,malpedia
"^(straxbot|modpos)$",modpos,malpedia
"^moker$",moker,malpedia
"^mokes$",mokes,malpedia
"^molerat[ _-]?loader$",molerat_loader,malpedia
"^moure$",moure,malpedia
"^mr[ _-]?peter$",mr_peter,malpedia
"^mrdec$",mrdec,malpedia
"^murkytop$",murkytop,malpedia
"^mutabaha$",mutabaha,malpedia
"^(mimail|mydoom|novarg)$",mydoom,malpedia
"^(fakedga|willexec|mylobot)$",mylobot,malpedia
"^n40$",n40,malpedia
"^nagini$",nagini,malpedia
"^(nancrat|nanocore)$",nanocore,malpedia
"^(navrat|jinhospy)$",navrat,malpedia
"^(nefilim|nephilim)$",nefilim,malpedia
"^nestegg$",nestegg,malpedia
"^netkey$",netkey,malpedia
"^(netsupportmanager[ _-]?rat|netsupport)$",netsupportmanager_rat,malpedia
"^(nettraveler|travnet)$",nettraveler,malpedia
"^(netweird|recam|netwire)$",netwire,malpedia
"^neutrino[ _-]?pos$",neutrino_pos,malpedia
"^(new[ _-]?ct|ct)$",new_ct,malpedia
"^newposthings$",newposthings,malpedia
"^newsreels$",newsreels,malpedia
"^nexster[ _-]?bot$",nexster_bot,malpedia
"^grobios$",ngioweb,malpedia
"^nitlove$",nitlove,malpedia
"^nocturnalstealer$",nocturnalstealer,malpedia
"^nokki$",nokki,malpedia
"^nransom$",nransom,malpedia
"^nymaim2$",nymaim2,malpedia
"^oblique[ _-]?rat$",oblique_rat,malpedia
"^obscene$",obscene,malpedia
"^octopus$",octopus,malpedia
"^odinaff$",odinaff,malpedia
"^oni$",oni,malpedia
"^onionduke$",onionduke,malpedia
"^op[ _-]?blockbuster$",op_blockbuster,malpedia
"^opachki$",opachki,malpedia
"^(schnorchel|orcus[ _-]?rat)$",orcus_rat,malpedia
"^(ordinypt|germanwiper|hsdfsdcrypt)$",ordinypt,malpedia
"^oski$",oski,malpedia
"^ovidiystealer$",ovidiystealer,malpedia
"^ozone$",ozone,malpedia
"^paladin$",paladin,malpedia
"^zeuspanda$",pandabanker,malpedia
"^petrwrap$",petrwrap,malpedia
"^petya$",petya,malpedia
"^pipcreat$",pipcreat,malpedia
"^(pirpi|cookiecutter|shotput)$",pirpi,malpedia
"^pittytiger[ _-]?rat$",pittytiger_rat,malpedia
"^(tbag|pykbot|pkybot|bublik)$",pkybot,malpedia
"^ployx$",ployx,malpedia
"^(sogu|reddelta|kaba|destroy rat|tigerplug)$",plugx,malpedia
"^plurox$",plurox,malpedia
"^(pocodownloader|pocodown|blitz)$",pocodown,malpedia
"^(zlib|poldat|kabob)$",poldat,malpedia
"^polyglotduke$",polyglotduke,malpedia
"^popcorn[ _-]?time$",popcorn_time,malpedia
"^(poulight[ _-]?stealer|poullight)$",poulight_stealer,malpedia
"^powerband$",powerband,malpedia
"^powerduke$",powerduke,malpedia
"^punchbuggy$",powersniff,malpedia
"^prikormka$",prikormka,malpedia
"^prilex$",prilex,malpedia
"^proteus$",proteus,malpedia
"^protonbot$",protonbot,malpedia
"^(psixbot|psix)$",psix,malpedia
"^(pteranodon|pterodo)$",pteranodon,malpedia
"^pubnubrat$",pubnubrat,malpedia
"^purplefox$",purplefox,malpedia
"^pvzout$",pvzout,malpedia
"^(pwndlocker|prolock)$",pwndlocker,malpedia
"^pwnpos$",pwnpos,malpedia
"^(pylocky|locky locker)$",pylocky,malpedia
"^qaccel$",qaccel,malpedia
"^(quakbot|oakboat)$",qakbot,malpedia
"^(tolouge|qhost)$",qhost,malpedia
"^(qtproject|qtbot)$",qtbot,malpedia
"^(quasar[ _-]?rat|cinarat|yggdrasil)$",quasar_rat,malpedia
"^qulab$",qulab,malpedia
"^r980$",r980,malpedia
"^ransoc$",ransoc,malpedia
"^rapid[ _-]?ransom$",rapid_ransom,malpedia
"^(remote control system|rcs|crisis)$",rcs,malpedia
"^redalpha$",redalpha,malpedia
"^(bugjuice|redleaves)$",redleaves,malpedia
"^redshawl$",redshawl,malpedia
"^regeorg$",regeorg,malpedia
"^(ghack ransomware|rekensom)$",rekensom,malpedia
"^(remcos|remvio|remcosrat|socmer)$",remcos,malpedia
"^remotecontrolclient$",remotecontrolclient,malpedia
"^(remy|windshield)$",remy,malpedia
"^retadup$",retadup,malpedia
"^rgdoor$",rgdoor,malpedia
"^rietspoof$",rietspoof,malpedia
"^rifdoor$",rifdoor,malpedia
"^rikamanu$",rikamanu,malpedia
"^ripper[ _-]?atm$",ripper_atm,malpedia
"^(remote manipulator system|rms|gussdoor)$",rms,malpedia
"^(yellowalbatross|rock)$",rock,malpedia
"^rokku$",rokku,malpedia
"^(rokrat|dogcall)$",rokrat,malpedia
"^(carbongrabber|rombertik)$",rombertik,malpedia
"^romeos$",romeos,malpedia
"^(pisloader|roseam)$",roseam,malpedia
"^(rotocrypt|rotorcrypt|rotor)$",rotorcrypt,malpedia
"^rover$",rover,malpedia
"^royalcli$",royalcli,malpedia
"^ruckguv$",ruckguv,malpedia
"^rumish$",rumish,malpedia
"^(rurktar|rcsu)$",rurktar,malpedia
"^rustock$",rustock,malpedia
"^ryuk$",ryuk,malpedia
"^(sakurel|sakula[ _-]?rat)$",sakula_rat,malpedia
"^(hussarini|endcmd|sarhust)$",sarhust,malpedia
"^satana$",satana,malpedia
"^sathurbot$",sathurbot,malpedia
"^scanpos$",scanpos,malpedia
"^(scarabey|scarab-russian|scarab|mvp)$",scarabey,malpedia
"^scranos$",scranos,malpedia
"^screenlocker$",screenlocker,malpedia
"^seasalt$",seasalt,malpedia
"^(1xxbot|arechclient|sectop[ _-]?rat)$",sectop_rat,malpedia
"^sedll$",sedll,malpedia
"^(gamefish|jkeyskw|downrage|seduploader|jhuhugit|carberplike)$",seduploader,malpedia
"^sekhmet$",sekhmet,malpedia
"^poisonplug\.shadow$",shadowpad,malpedia
"^shapeshift$",shapeshift,malpedia
"^(bitrep|sharpknot)$",sharpknot,malpedia
"^shipshape$",shipshape,malpedia
"^siluhdur$",siluhdur,malpedia
"^ibank$",simda,malpedia
"^skimer$",skimer,malpedia
"^skip20$",skip20,malpedia
"^skyplex$",skyplex,malpedia
"^slickshoes$",slickshoes,malpedia
"^(smoke|sharik|smoke loader)$",smokeloader,malpedia
"^smrss32$",smrss32,malpedia
"^snatch$",snatch,malpedia
"^snojan$",snojan,malpedia
"^sobaken$",sobaken,malpedia
"^socelars$",socelars,malpedia
"^socks5[ _-]?systemz$",socks5_systemz,malpedia
"^(nadrac|birddog|socksbot)$",socksbot,malpedia
"^napolar$",solarbot,malpedia
"^spaceship$",spaceship,malpedia
"^spark$",spark,malpedia
"^sparksrv$",sparksrv,malpedia
"^spartacus$",spartacus,malpedia
"^stabuniq$",stabuniq,malpedia
"^stampedo$",stampedo,malpedia
"^starloader$",starloader,malpedia
"^stinger$",stinger,malpedia
"^stonedrill$",stonedrill,malpedia
"^strongpity$",strongpity,malpedia
"^sword$",sword,malpedia
"^synack$",synack,malpedia
"^synth[ _-]?loader$",synth_loader,malpedia
"^syscon$",syscon,malpedia
"^sysscan$",sysscan,malpedia
"^szribi$",szribi,malpedia
"^taleret$",taleret,malpedia
"^tapaoux$",tapaoux,malpedia
"^tarsip$",tarsip,malpedia
"^tdtess$",tdtess,malpedia
"^telebot$",telebot,malpedia
"^teledoor$",teledoor,malpedia
"^(alphabot|thanatos)$",thanatos,malpedia
"^thunker$",thunker,malpedia
"^tinyloader$",tinyloader,malpedia
"^(tinymet|tinimet)$",tinymet,malpedia
"^tinyzbot$",tinyzbot,malpedia
"^tiop$",tiop,malpedia
"^trochilus[ _-]?rat$",trochilus_rat,malpedia
"^trump[ _-]?ransom$",trump_ransom,malpedia
"^tyupkin$",tyupkin,malpedia
"^(uacme|akagi)$",uacme,malpedia
"^unlock92$",unlock92,malpedia
"^(upas|rombrast)$",upas,malpedia
"^upatre$",upatre,malpedia
"^(snake|uroburos|snakehose|ekans)$",uroburos,malpedia
"^valuevault$",valuevault,malpedia
"^varenyky$",varenyky,malpedia
"^velso$",velso,malpedia
"^venom[ _-]?lnk$",venom_lnk,malpedia
"^venus[ _-]?locker$",venus_locker,malpedia
"^vflooder$",vflooder,malpedia
"^vhd[ _-]?ransomware$",vhd_ransomware,malpedia
"^vidar$",vidar,malpedia
"^virdetdoor$",virdetdoor,malpedia
"^zberp$",vmzeus,malpedia
"^vreikstadi$",vreikstadi,malpedia
"^vskimmer$",vskimmer,malpedia
"^waterminer$",waterminer,malpedia
"^waterspout$",waterspout,malpedia
"^webc2[ _-]?adspace$",webc2_adspace,malpedia
"^webc2[ _-]?ausov$",webc2_ausov,malpedia
"^webc2[ _-]?cson$",webc2_cson,malpedia
"^webc2[ _-]?greencat$",webc2_greencat,malpedia
"^webc2[ _-]?head$",webc2_head,malpedia
"^webc2[ _-]?kt3$",webc2_kt3,malpedia
"^webc2[ _-]?ugx$",webc2_ugx,malpedia
"^webc2[ _-]?yahoo$",webc2_yahoo,malpedia
"^wildfire$",wildfire,malpedia
"^winmm$",winmm,malpedia
"^(atmpot|winpot)$",winpot,malpedia
"^wndtest$",wndtest,malpedia
"^woody$",woody,malpedia
"^(woolenlogger|woolger)$",woolger,malpedia
"^xbot[ _-]?pos$",xbot_pos,malpedia
"^xbtl$",xbtl,malpedia
"^xpan$",xpan,malpedia
"^xpertrat$",xpertrat,malpedia
"^(filesnfer|xserver)$",xserver,malpedia
"^(x-tunnel|xtunnel|xaps|shunnael)$",xtunnel,malpedia
"^xtunnel[ _-]?net$",xtunnel_net,malpedia
"^yarraq$",yarraq,malpedia
"^(darkshare|younglotus)$",younglotus,malpedia
"^(sirefef|max\+\+|smiscer)$",zeroaccess,malpedia
"^zerocleare$",zerocleare,malpedia
"^zerolocker$",zerolocker,malpedia
"^zeus[ _-]?action$",zeus_action,malpedia
"^zezin$",zezin,malpedia
"^(zitmo|zeus-in-the-mobile)$",zitmo,malpedia
"^(deloader|zloader)$",zloader,malpedia
"^(zupdater|zpevdo)$",zupdater,malpedia
"^(sensocode|zxshell)$",zxshell,malpedia
"^bandook$",bandook,malpedia
"^(beerbot|bazarbackdoor|bazaloader|bazarloader|kegtap|team9backdoor)$",bazarbackdoor,malpedia
"^(guloader|vbdropper|cloudeye)$",cloudeye,malpedia
"^(dbatloader|modiloader|natsoloader)$",dbatloader,malpedia
"^fatduke$",fatduke,malpedia
"^flowcloud$",flowcloud,malpedia
"^gomorrah[ _-]?stealer$",gomorrah_stealer,malpedia
"^grandoreiro$",grandoreiro,malpedia
"^immortal[ _-]?stealer$",immortal_stealer,malpedia
"^linseningsvr$",linseningsvr,malpedia
"^liteduke$",liteduke,malpedia
"^(abcd ransomware|lockbit)$",lockbit,malpedia
"^mbrlocker$",mbrlocker,malpedia
"^pebbledash$",pebbledash,malpedia
"^remoteadmin$",remoteadmin,malpedia
"^retro$",retro,malpedia
"^sadogo$",sadogo,malpedia
"^turla[ _-]?rpc$",turla_rpc,malpedia
"^usbferry$",usbferry,malpedia
"^(voidcrypt|void)$",void,malpedia
"^abaddon$",abaddon,malpedia
"^agfspy$",agfspy,malpedia
"^anubis stealer$",anubis,malpedia
"^(jambog|appleseed)$",appleseed,malpedia
"^avaddon$",avaddon,malpedia
"^bit[ _-]?rat$",bit_rat,malpedia
"^blackkingdom[ _-]?ransomware$",blackkingdom_ransomware,malpedia
"^blacksoul$",blacksoul,malpedia
"^(dratzarus rat|blindingcan)$",blindingcan,malpedia
"^chinajm$",chinajm,malpedia
"^coldseal$",coldseal,malpedia
"^(collectorgoomba|collector stealer)$",collectorgoomba,malpedia
"^comebacker$",comebacker,malpedia
"^comfoo$",comfoo,malpedia
"^conti$",conti,malpedia
"^crimsonias$",crimsonias,malpedia
"^(ranet|cryptodarkrubix)$",cryptodarkrubix,malpedia
"^cyrat$",cyrat,malpedia
"^derohe$",derohe,malpedia
"^(dexbia|conime)$",dexbia,malpedia
"^dnespy$",dnespy,malpedia
"^dratzarus$",dratzarus,malpedia
"^driveocean$",driveocean,malpedia
"^emissary$",emissary,malpedia
"^fakeword$",fakeword,malpedia
"^fonix$",fonix,malpedia
"^frat$",frat,malpedia
"^funny[ _-]?dream$",funny_dream,malpedia
"^(funnyswitch|routergod)$",funnyswitch,malpedia
"^(gogoogle|bossitossi)$",gogoogle,malpedia
"^(sunshuttle|goldmax)$",goldmax,malpedia
"^grimagent$",grimagent,malpedia
"^hisoka$",hisoka,malpedia
"^hookinjex$",hookinjex,malpedia
"^horuseyes$",horuseyes,malpedia
"^indigodrop$",indigodrop,malpedia
"^ironcat$",ironcat,malpedia
"^ixware$",ixware,malpedia
"^ketrum$",ketrum,malpedia
"^kgh[ _-]?spy$",kgh_spy,malpedia
"^kivars$",kivars,malpedia
"^klackring$",klackring,malpedia
"^leakthemall$",leakthemall,malpedia
"^loup$",loup,malpedia
"^lucifer$",lucifer,malpedia
"^mekotio$",mekotio,malpedia
"^melcoz$",melcoz,malpedia
"^(ransomware32|metadatabin)$",metadatabin,malpedia
"^meterpreter$",meterpreter,malpedia
"^(blame|mgbot|mgmbot)$",mgbot,malpedia
"^(ursa|mispadu)$",mispadu,malpedia
"^modpipe$",modpipe,malpedia
"^(mt3|montysthree)$",montysthree,malpedia
"^ncctrojan$",ncctrojan,malpedia
"^nibiru$",nibiru,malpedia
"^numando$",numando,malpedia
"^(babax|osno)$",osno,malpedia
"^outcrypt$",outcrypt,malpedia
"^pay2key$",pay2key,malpedia
"^poison[ _-]?rat$",poison_rat,malpedia
"^powerloader$",powerloader,malpedia
"^project[ _-]?hook$",project_hook,malpedia
"^purplewave$",purplewave,malpedia
"^rc2fm$",rc2fm,malpedia
"^(greystuff|rdat)$",rdat,malpedia
"^(tycoon|thanos|redrum|grinch)$",redrum,malpedia
"^regretlocker$",regretlocker,malpedia
"^(remotecommandexecution|remcom)$",remcom,malpedia
"^samo[ _-]?rat$",samo_rat,malpedia
"^(lastconn|sharpstage)$",sharpstage,malpedia
"^(slothfulmedia|queenofclubs)$",slothfulmedia,malpedia
"^(phantomnet|smanager)$",smanager,malpedia
"^smarteyes$",smarteyes,malpedia
"^spicyhotpot$",spicyhotpot,malpedia
"^solorigate$",sunburst,malpedia
"^teardrop$",teardrop,malpedia
"^telb$",telb,malpedia
"^(ranzy locker|thunderx)$",thunderx,malpedia
"^(luckyback|tmanger)$",tmanger,malpedia
"^tonnerre$",tonnerre,malpedia
"^torisma$",torisma,malpedia
"^troublegrabber$",troublegrabber,malpedia
"^(skinnyd|typehash)$",typehash,malpedia
"^vizom$",vizom,malpedia
"^vovalex$",vovalex,malpedia
"^wastedlocker$",wastedlocker,malpedia
"^xenon$",xenon,malpedia
"^s5mark$",zacinlo,malpedia
"^zeoticus$",zeoticus,malpedia
"^zlob$",zlob,malpedia
"^fatal[ _-]?rat$",fatal_rat,malpedia
"^(sysupdate|hyperssl|soldier|focusfjord)$",hyperssl,malpedia
"^pingback$",pingback,malpedia
"^(negasteal|agentesla|agent[ _-]?tesla)$",agent_tesla,malpedia
"^atmosphere$",atmosphere,malpedia
"^avzhan$",avzhan,malpedia
"^bahamut$",bahamut,malpedia
"^biodata$",biodata,malpedia
"^bitpylock$",bitpylock,malpedia
"^blacknet[ _-]?rat$",blacknet_rat,malpedia
"^(cadelle|cadelspy)$",cadelspy,malpedia
"^(cheesetray|crowdedflounder)$",cheesetray,malpedia
"^cmsbrute$",cmsbrute,malpedia
"^dadstache$",dadstache,malpedia
"^danbot$",danbot,malpedia
"^chymine$",darkmoon,malpedia
"^darksky$",darksky,malpedia
"^deria[ _-]?lock$",deria_lock,malpedia
"^(dot[ _-]?ransomware|mzp ransomware)$",dot_ransomware,malpedia
"^braviax$",fakerean,malpedia
"^(ghostnet|remosh)$",ghostnet,malpedia
"^(waldek|talalpek)$",gootkit,malpedia
"^heloag$",heloag,malpedia
"^hi[ _-]?zor[ _-]?rat$",hi_zor_rat,malpedia
"^hidedrv$",hidedrv,malpedia
"^homefry$",homefry,malpedia
"^hotcroissant$",hotcroissant,malpedia
"^infodot$",infodot,malpedia
"^israbye$",israbye,malpedia
"^osiris$",kronos,malpedia
"^ligsterac$",ligsterac,malpedia
"^lock[ _-]?pos$",lock_pos,malpedia
"^lodeinfo$",lodeinfo,malpedia
"^microcin$",microcin,malpedia
"^mozart$",mozart,malpedia
"^multigrain[ _-]?pos$",multigrain_pos,malpedia
"^(scouteagle|neteagle|neteagle[ _-]?scout)$",neteagle,malpedia
"^nozelesn[ _-]?decryptor$",nozelesn_decryptor,malpedia
"^(oficla|oldbait|sasfis)$",oldbait,malpedia
"^oopsie$",oopsie,malpedia
"^opghoul$",opghoul,malpedia
"^orangeade$",orangeade,malpedia
"^orcarat$",orcarat,malpedia
"^parasite[ _-]?http$",parasite_http,malpedia
"^pekraut$",pekraut,malpedia
"^playwork$",playwork,malpedia
"^(pivy|spivy)$",poison_ivy,malpedia
"^(barlaiy|poisonplug)$",poisonplug,malpedia
"^pss$",pss,malpedia
"^ragnarok$",ragnarok,malpedia
"^rapid[ _-]?stealer$",rapid_stealer,malpedia
"^red[ _-]?gambler$",red_gambler,malpedia
"^rofin$",rofin,malpedia
"^running[ _-]?rat$",runningrat,malpedia
"^saigon$",saigon,malpedia
"^(sierras|destover)$",sierras,malpedia
"^slingshot$",slingshot,malpedia
"^slub$",slub,malpedia
"^stresspaint$",stresspaint,malpedia
"^tandfuy$",tandfuy,malpedia
"^tefosteal$",tefosteal,malpedia
"^tidepool$",tidepool,malpedia
"^troldesh$",troldesh,malpedia
"^(volgmer|fallchill|manuscrypt)$",volgmer,malpedia
"^wallyshack$",wallyshack,malpedia
"^(webmonitor|revcode)$",webmonitor,malpedia
"^wonknu$",wonknu,malpedia
"^wormhole$",wormhole,malpedia
"^xfscashncr$",xfscashncr,malpedia
"^xp[ _-]?privesc$",xp_privesc,malpedia
"^(xsplus|nokian)$",xsplus,malpedia
"^(zebrocy|zekapab)$",zebrocy,malpedia
"^(broler|down[ _-]?new)$",broler,malpedia
"^ratankbapos$",ratankbapos,malpedia
"^alfonso[ _-]?stealer$",alfonso_stealer,malpedia
"^bbtok$",bbtok,malpedia
"^bee$",bee,malpedia
"^coldlock$",coldlock,malpedia
"^exorcist$",exorcist,malpedia
"^ginwui$",ginwui,malpedia
"^goldenhelper$",goldenhelper,malpedia
"^(kittycrypt|hellokitty)$",hellokitty,malpedia
"^hunter$",hunter,malpedia
"^kimjongrat$",kimjongrat,malpedia
"^m00nd3v$",m00nd3v,malpedia
"^rhttpctrl$",rhttpctrl,malpedia
"^taurus[ _-]?stealer$",taurus_stealer,malpedia
"^troystealer$",troystealer,malpedia
"^000stealer$",000stealer,malpedia
"^aesrt$",aesrt,malpedia
"^(agendacrypt|agenda|qilin)$",agendacrypt,malpedia
"^ahtapot$",ahtapot,malpedia
"^allcomeclipper$",allcomeclipper,malpedia
"^almondrat$",almondrat,malpedia
"^anchormail$",anchormail,malpedia
"^(anubis[ _-]?loader|pepega)$",anubis_loader,malpedia
"^apollo$",apollo,malpedia
"^ares$",ares,malpedia
"^arguepatch$",arguepatch,malpedia
"^aridgopher$",aridgopher,malpedia
"^aridhelper$",aridhelper,malpedia
"^arrowrat$",arrowrat,malpedia
"^asbit$",asbit,malpedia
"^astralocker$",astralocker,malpedia
"^atomsilo$",atomsilo,malpedia
"^aurora[ _-]?stealer$",aurora_stealer,malpedia
"^avd$",avd,malpedia
"^axlocker$",axlocker,malpedia
"^aytoke$",aytoke,malpedia
"^azov[ _-]?wiper$",azov_wiper,malpedia
"^backconfig$",backconfig,malpedia
"^barbie$",barbie,malpedia
"^barbwire$",barbwire,malpedia
"^bat[ _-]?loader$",bat_loader,malpedia
"^beatdrop$",beatdrop,malpedia
"^beep$",beep,malpedia
"^bhunt$",bhunt,malpedia
"^bianlian$",bianlian,malpedia
"^(no[ _-]?name[ _-]?software|blackbasta)$",blackbasta,malpedia
"^blackbyte$",blackbyte,malpedia
"^(noberus|blackcat|alphv)$",blackcat,malpedia
"^blackguard$",blackguard,malpedia
"^blackmagic$",blackmagic,malpedia
"^blackmatter$",blackmatter,malpedia
"^bleachgap$",bleachgap,malpedia
"^(colorfake|blister)$",blister,malpedia
"^bluefox$",bluefox,malpedia
"^bluehaze$",bluehaze,malpedia
"^bluesky$",bluesky,malpedia
"^(a310logger|blustealer)$",blustealer,malpedia
"^boatlaunch$",boatlaunch,malpedia
"^bobik$",bobik,malpedia
"^boldmove$",boldmove,malpedia
"^bookofeli$",bookofeli,malpedia
"^boombox$",boombox,malpedia
"^boratrat$",boratrat,malpedia
"^boxcaon$",boxcaon,malpedia
"^brbbot$",brbbot,malpedia
"^brittle[ _-]?bush$",brittle_bush,malpedia
"^brokeyolk$",brokeyolk,malpedia
"^bruh[ _-]?wiper$",bruh_wiper,malpedia
"^brute[ _-]?ratel[ _-]?c4$",brute_ratel_c4,malpedia
"^bughatch$",bughatch,malpedia
"^bumblebee$",bumblebee,malpedia
"^(killdisk\.ncx|caddywiper)$",caddywiper,malpedia
"^(cameleon|stormkitty)$",cameleon,malpedia
"^cargobay$",cargobay,malpedia
"^catb$",catb,malpedia
"^ceta[ _-]?rat$",ceta_rat,malpedia
"^chachi$",chachi,malpedia
"^chaes$",chaes,malpedia
"^chairsmack$",chairsmack,malpedia
"^(yashma|ryukjoke|chaos|fakeryuk)$",chaos,malpedia
"^chinotto$",chinotto,malpedia
"^chisel$",chisel,malpedia
"^chiser[ _-]?client$",chiser_client,malpedia
"^(chromeloader|choziosi)$",choziosi,malpedia
"^cobaltmirage[ _-]?tunnel$",cobaltmirage_tunnel,malpedia
"^code[ _-]?core$",code_core,malpedia
"^coldbrew$",coldbrew,malpedia
"^coldstealer$",coldstealer,malpedia
"^colibri$",colibri,malpedia
"^comlook$",comlook,malpedia
"^cosmicduke$",cosmicduke,malpedia
"^cova$",cova,malpedia
"^covid22$",covid22,malpedia
"^(cozybear|cozer|cozycar|euroapt|cozyduke)$",cozyduke,malpedia
"^credomap$",credomap,malpedia
"^creep[ _-]?exfil$",creep_exfil,malpedia
"^creepysnail$",creepysnail,malpedia
"^crytox$",crytox,malpedia
"^darkbit$",darkbit,malpedia
"^darkcloud$",darkcloud,malpedia
"^darkdew$",darkdew,malpedia
"^darkeye$",darkeye,malpedia
"^darkloader$",darkloader,malpedia
"^darkme$",darkme,malpedia
"^darktortilla$",darktortilla,malpedia
"^darkvnc$",darkvnc,malpedia
"^daxin$",daxin,malpedia
"^dboxagent$",dboxagent,malpedia
"^dcdcrypt$",dcdcrypt,malpedia
"^(dcrsrv|dcsrv)$",dcsrv,malpedia
"^(agrius|detbosit|deadwood|sqlshred)$",deadwood,malpedia
"^decaf$",decaf,malpedia
"^deepcreep$",deepcreep,malpedia
"^deimos$",deimos,malpedia
"^desertblade$",desertblade,malpedia
"^diavol$",diavol,malpedia
"^dilongtrash$",dilongtrash,malpedia
"^dinotrain$",dinotrain,malpedia
"^dirtymoe$",dirtymoe,malpedia
"^dnwipe$",dnwipe,malpedia
"^doorme$",doorme,malpedia
"^(ddosia|dosia)$",dosia,malpedia
"^dostealer$",dostealer,malpedia
"^(fiberlake|doublezero)$",doublezero,malpedia
"^drokbk$",drokbk,malpedia
"^ducktail$",ducktail,malpedia
"^dynamicstealer$",dynamicstealer,malpedia
"^eagle[ _-]?monitor[ _-]?rat$",eagle_monitor_rat,malpedia
"^ekipa$",ekipa,malpedia
"^elmachete[ _-]?dropper[ _-]?2022$",elmachete_dropper_2022,malpedia
"^enigma[ _-]?loader$",enigma_loader,malpedia
"^entropy$",entropy,malpedia
"^(rootsaw|envyscout)$",envyscout,malpedia
"^erbium[ _-]?stealer$",erbium_stealer,malpedia
"^especter$",especter,malpedia
"^eternity[ _-]?clipper$",eternity_clipper,malpedia
"^eternity[ _-]?ransomware$",eternity_ransomware,malpedia
"^eternity[ _-]?stealer$",eternity_stealer,malpedia
"^eternity[ _-]?worm$",eternity_worm,malpedia
"^evilplayout$",evilplayout,malpedia
"^exbyte$",exbyte,malpedia
"^exmatter$",exmatter,malpedia
"^xpiro$",expiro,malpedia
"^explosive[ _-]?rat$",explosive_rat,malpedia
"^fabookie$",fabookie,malpedia
"^fauppod$",fauppod,malpedia
"^fengine$",fengine,malpedia
"^ffdroider$",ffdroider,malpedia
"^firechili$",firechili,malpedia
"^(jollyjellyfish|fishmaster)$",fishmaster,malpedia
"^(busyice|flagpro)$",flagpro,malpedia
"^foxsocket$",foxsocket,malpedia
"^fudmodule$",fudmodule,malpedia
"^game[ _-]?player[ _-]?framework$",game_player_framework,malpedia
"^gcleaner$",gcleaner,malpedia
"^(doomdrive|googledrivesucks|gdrive)$",gdrive,malpedia
"^geminiduke$",geminiduke,malpedia
"^gh0sttimes$",gh0sttimes,malpedia
"^ghambar$",ghambar,malpedia
"^ghostemperor$",ghostemperor,malpedia
"^ginzo$",ginzo,malpedia
"^(velocity polymorphic compression malware|gofing)$",gofing,malpedia
"^gomet$",gomet,malpedia
"^gotroj$",gotroj,malpedia
"^(small sieve|gramdoor)$",gramdoor,malpedia
"^graphical[ _-]?neutrino$",graphical_neutrino,malpedia
"^graphiron$",graphiron,malpedia
"^graphite$",graphite,malpedia
"^graphon$",graphon,malpedia
"^graphsteel$",graphsteel,malpedia
"^grimplant$",grimplant,malpedia
"^gwisin$",gwisin,malpedia
"^haron$",haron,malpedia
"^havana[ _-]?crypt$",havana_crypt,malpedia
"^(havoc|havokiz)$",havoc,malpedia
"^headertip$",headertip,malpedia
"^hellobot$",hellobot,malpedia
"^(hermeticwiper|driveslayer|nearmiss|foxblade|killdisk\.ncv)$",hermeticwiper,malpedia
"^hermeticwizard$",hermeticwizard,malpedia
"^heyoka$",heyoka,malpedia
"^hiasm$",hiasm,malpedia
"^hive$",hive,malpedia
"^horus[ _-]?eyes[ _-]?rat$",horus_eyes_rat,malpedia
"^hui[ _-]?loader$",hui_loader,malpedia
"^hyperscrape$",hyperscrape,malpedia
"^hzrat$",hzrat,malpedia
"^icarus$",icarus,malpedia
"^icexloader$",icexloader,malpedia
"^(badiis|iispy)$",iispy,malpedia
"^incubator$",incubator,malpedia
"^industrial[ _-]?spy$",industrial_spy,malpedia
"^industroyer2$",industroyer2,malpedia
"^inlock$",inlock,malpedia
"^ironnetinjector$",ironnetinjector,malpedia
"^(lasainraw|isaacwiper)$",isaacwiper,malpedia
"^kami$",kami,malpedia
"^karma$",karma,malpedia
"^kazyloader$",kazyloader,malpedia
"^kdcsponge$",kdcsponge,malpedia
"^keona$",keona,malpedia
"^khonsari$",khonsari,malpedia
"^koivm$",koivm,malpedia
"^krachulka$",krachulka,malpedia
"^ladon$",ladon,malpedia
"^laplas$",laplas,malpedia
"^lazardoor$",lazardoor,malpedia
"^lazarloader$",lazarloader,malpedia
"^ldr4$",ldr4,malpedia
"^lemonduck$",lemonduck,malpedia
"^letmeout$",letmeout,malpedia
"^lgoogloader$",lgoogloader,malpedia
"^lightning[ _-]?stealer$",lightning_stealer,malpedia
"^limepad$",limepad,malpedia
"^lockfile$",lockfile,malpedia
"^logtu$",logtu,malpedia
"^lokilocker$",lokilocker,malpedia
"^lokorrito$",lokorrito,malpedia
"^lowzero$",lowzero,malpedia
"^lsassdumper$",lsassdumper,malpedia
"^luca[ _-]?stealer$",luca_stealer,malpedia
"^(lummac2 stealer|lumma)$",lumma,malpedia
"^lyceum[ _-]?dns[ _-]?backdoor[ _-]?dotnet$",lyceum_dns_backdoor_dotnet,malpedia
"^lyceum[ _-]?http[ _-]?backdoor[ _-]?dotnet$",lyceum_http_backdoor_dotnet,malpedia
"^lyceum[ _-]?http[ _-]?backdoor[ _-]?golang$",lyceum_http_backdoor_golang,malpedia
"^m0yv$",m0yv,malpedia
"^macaw$",macaw,malpedia
"^maggie$",maggie,malpedia
"^magic[ _-]?rat$",magic_rat,malpedia
"^manjusaka$",manjusaka,malpedia
"^(marsdecrypt|mars)$",mars,malpedia
"^mars[ _-]?stealer$",mars_stealer,malpedia
"^matiex$",matiex,malpedia
"^maui$",maui,malpedia
"^maxtrilha$",maxtrilha,malpedia
"^megacreep$",megacreep,malpedia
"^meow$",meow,malpedia
"^mercurialgrabber$",mercurialgrabber,malpedia
"^metastealer$",metastealer,malpedia
"^sbc$",mevade,malpedia
"^midas$",midas,malpedia
"^milan$",milan,malpedia
"^mimic$",mimic,malpedia
"^mindware$",mindware,malpedia
"^ministealer$",ministealer,malpedia
"^mintstealer$",mintstealer,malpedia
"^mirrorblast$",mirrorblast,malpedia
"^mirrorkey$",mirrorkey,malpedia
"^misha$",misha,malpedia
"^mistcloak$",mistcloak,malpedia
"^(modern[ _-]?loader|avatarbot)$",modern_loader,malpedia
"^moisha$",moisha,malpedia
"^mongall$",mongall,malpedia
"^moonbounce$",moonbounce,malpedia
"^mortalkombat$",mortalkombat,malpedia
"^mosaic[ _-]?regressor$",mosaic_regressor,malpedia
"^mrac$",mrac,malpedia
"^mulcom$",mulcom,malpedia
"^mystery[ _-]?snail$",mystery_snail,malpedia
"^nerbian[ _-]?rat$",nerbian_rat,malpedia
"^netdooka$",netdooka,malpedia
"^newbounce$",newbounce,malpedia
"^nglite$",nglite,malpedia
"^nighthawk$",nighthawk,malpedia
"^(nightsky|night sky)$",nightsky,malpedia
"^nimblemamba$",nimblemamba,malpedia
"^nimbo[ _-]?c2$",nimbo_c2,malpedia
"^nimgrabber$",nimgrabber,malpedia
"^nimrev$",nimrev,malpedia
"^(hydra|nitro)$",nitro,malpedia
"^nitrokod$",nitrokod,malpedia
"^nokoyawa$",nokoyawa,malpedia
"^nominatus[ _-]?toxic[ _-]?battery$",nominatus_toxic_battery,malpedia
"^northstar$",northstar,malpedia
"^nosu$",nosu,malpedia
"^nugget[ _-]?phantom$",nugget_phantom,malpedia
"^nullmixer$",nullmixer,malpedia
"^(nworm|nw0rm)$",nworm,malpedia
"^(bobax|oderoor)$",oderoor,malpedia
"^opensupdater$",opensupdater,malpedia
"^orchard$",orchard,malpedia
"^originlogger$",originlogger,malpedia
"^outsteel$",outsteel,malpedia
"^owowa$",owowa,malpedia
"^oxtarat$",oxtarat,malpedia
"^pandora$",pandora,malpedia
"^(pandora hvnc rat|pandora[ _-]?rat)$",pandora_rat,malpedia
"^paradies[ _-]?clipper$",paradies_clipper,malpedia
"^(hermeticransom|sonicvote|partyticket|elections goransom)$",partyticket,malpedia
"^payloadbin$",payloadbin,malpedia
"^pennywise$",pennywise,malpedia
"^phoenix[ _-]?locker$",phoenix_locker,malpedia
"^photoloader$",photoloader,malpedia
"^pikabot$",pikabot,malpedia
"^pinchduke$",pinchduke,malpedia
"^pipemon$",pipemon,malpedia
"^pirate[ _-]?stealer$",pirate_stealer,malpedia
"^(play|playcrypt)$",play,malpedia
"^png[ _-]?load$",png_load,malpedia
"^polpo$",polpo,malpedia
"^polyvice$",polyvice,malpedia
"^poortry$",poortry,malpedia
"^portdoor$",portdoor,malpedia
"^prestige$",prestige,malpedia
"^privateloader$",privateloader,malpedia
"^privatelog$",privatelog,malpedia
"^prometei$",prometei,malpedia
"^proto8[ _-]?rat$",proto8_rat,malpedia
"^prynt[ _-]?stealer$",prynt_stealer,malpedia
"^pseudo[ _-]?manuscrypt$",pseudo_manuscrypt,malpedia
"^purecrypter$",purecrypter,malpedia
"^pyfiledel$",pyfiledel,malpedia
"^quickheal$",quickheal,malpedia
"^quickmute$",quickmute,malpedia
"^(tunnus|kapushka|quietcanary)$",quietcanary,malpedia
"^quietsieve$",quietsieve,malpedia
"^(qvoid-token-grabber|qvoidstealer)$",qvoidstealer,malpedia
"^rad$",rad,malpedia
"^ranion$",ranion,malpedia
"^(link[ _-]?msiexec|raspberry[ _-]?robin|qnap-worm)$",raspberry_robin,malpedia
"^recordbreaker$",recordbreaker,malpedia
"^relic[ _-]?race$",relic_race,malpedia
"^rhadamanthys$",rhadamanthys,malpedia
"^risepro$",risepro,malpedia
"^rm3$",rm3,malpedia
"^(s4bb47h|rollcoast|sabbath|arcane)$",rollcoast,malpedia
"^romcom[ _-]?rat$",romcom_rat,malpedia
"^rook$",rook,malpedia
"^roshtyak$",roshtyak,malpedia
"^royal[ _-]?ransom$",royal_ransom,malpedia
"^ruransom$",ruransom,malpedia
"^sagerunex$",sagerunex,malpedia
"^(saitama|amatias)$",saitama,malpedia
"^sapphire[ _-]?miner$",sapphire_miner,malpedia
"^scarecrow$",scarecrow,malpedia
"^scieron$",scieron,malpedia
"^screencap$",screencap,malpedia
"^scrubcrypter$",scrubcrypter,malpedia
"^selfmake$",selfmake,malpedia
"^serialvlogger$",serialvlogger,malpedia
"^session[ _-]?manager$",session_manager,malpedia
"^(sfile|morseop|escal)$",sfile,malpedia
"^shark$",shark,malpedia
"^sharpbeacon$",sharpbeacon,malpedia
"^sharpmapexec$",sharpmapexec,malpedia
"^(shellclient|ghostshell)$",shellclient,malpedia
"^(scramblecross|sidewalk)$",sidewalk,malpedia
"^(h0lygh0st|sienna[ _-]?blue|sienna[ _-]?purple|holylocker)$",sienna_blue,malpedia
"^siesta[ _-]?graph$",siesta_graph,malpedia
"^sigloader$",sigloader,malpedia
"^silentuploader$",silentuploader,malpedia
"^slam$",slam,malpedia
"^slnrat$",slnrat,malpedia
"^smokedham$",smokedham,malpedia
"^snatchcrypto$",snatchcrypto,malpedia
"^sockbot$",sockbot,malpedia
"^solidbit$",solidbit,malpedia
"^(soulsearcher|soul)$",soul,malpedia
"^spark[ _-]?rat$",spark_rat,malpedia
"^(famoussparrow|sparrow[ _-]?door)$",sparrow_door,malpedia
"^spectre$",spectre,malpedia
"^spider[ _-]?rat$",spider_rat,malpedia
"^(datoploader|squirrelwaffle)$",squirrelwaffle,malpedia
"^stashlog$",stashlog,malpedia
"^(stealbit|corrempa)$",stealbit,malpedia
"^stealer[ _-]?0x3401$",stealer_0x3401,malpedia
"^stealerium$",stealerium,malpedia
"^stormwind$",stormwind,malpedia
"^stowaway$",stowaway,malpedia
"^strelastealer$",strelastealer,malpedia
"^strifewater[ _-]?rat$",strifewater_rat,malpedia
"^(corelump|jumplump|subzero)$",subzero,malpedia
"^sugar$",sugar,malpedia
"^sugardump$",sugardump,malpedia
"^sugarush$",sugarush,malpedia
"^sunseed$",sunseed,malpedia
"^svcready$",svcready,malpedia
"^swiftslicer$",swiftslicer,malpedia
"^sysjoker$",sysjoker,malpedia
"^sysrv[ _-]?hello$",sysrv_hello,malpedia
"^t[ _-]?cmd$",t_cmd,malpedia
"^(tohnichi|targetcompany|mallox|fargo)$",targetcompany,malpedia
"^telegram[ _-]?grabber$",telegram_grabber,malpedia
"^teleport$",teleport,malpedia
"^tellyouthepass$",tellyouthepass,malpedia
"^temp[ _-]?stealer$",temp_stealer,malpedia
"^tiger[ _-]?rat$",tiger_rat,malpedia
"^tildeb$",tildeb,malpedia
"^tiny[ _-]?turla$",tiny_turla,malpedia
"^titan[ _-]?stealer$",titan_stealer,malpedia
"^tokyox$",tokyox,malpedia
"^tomiris$",tomiris,malpedia
"^transbox$",transbox,malpedia
"^trigona$",trigona,malpedia
"^tunnelfish$",tunnelfish,malpedia
"^underminer[ _-]?ek$",underminer_ek,malpedia
"^(vapor[ _-]?rage|boommic)$",vapor_rage,malpedia
"^(eamfo|veeam)$",veeam,malpedia
"^vermilion[ _-]?strike$",vermilion_strike,malpedia
"^victorygate$",victorygate,malpedia
"^(vigilant checker|vigilant[ _-]?cleaner)$",vigilant_cleaner,malpedia
"^virlock$",virlock,malpedia
"^virtualgate$",virtualgate,malpedia
"^vohuk$",vohuk,malpedia
"^vsingle$",vsingle,malpedia
"^vulturi$",vulturi,malpedia
"^wannahusky$",wannahusky,malpedia
"^wastedloader$",wastedloader,malpedia
"^(paywipe|whispergate)$",whispergate,malpedia
"^(whiteblackcrypt|warylook)$",whiteblackcrypt,malpedia
"^windealer$",windealer,malpedia
"^winscreeny$",winscreeny,malpedia
"^woodyrat$",woodyrat,malpedia
"^worldwind$",worldwind,malpedia
"^(finickyfrogfish|wslink)$",wslink,malpedia
"^(xdata|aesni)$",xdata,malpedia
"^xfilesstealer$",xfilesstealer,malpedia
"^xorist$",xorist,malpedia
"^nerapack$",xpack,malpedia
"^xworm$",xworm,malpedia
"^(kaos|yamabot)$",yamabot,malpedia
"^(dryxiphia|yanluowang)$",yanluowang,malpedia
"^yarat$",yarat,malpedia
"^yorekey$",yorekey,malpedia
"^(gonnacope|kekware|kekpop|your[ _-]?cyanide)$",your_cyanide,malpedia
"^ytstealer$",ytstealer,malpedia
"^yunsip$",yunsip,malpedia
"^zeppelin$",zeppelin,malpedia
"^zgrat$",zgrat,malpedia
"^(zingo[ _-]?stealer)$",zingo_stealer,malpedia
"^(zstealer|z\*stealer)$",zstealer,malpedia
"^zumanek$",zumanek,malpedia
"^zupdax$",zupdax,malpedia
"^(zxxz|muuydownloader)$",zxxz,malpedia
